age,income,loanAmount,creditScore,employmentYears,dependents,debtToIncomeRatio,hasHomeOwnership,hasExistingDebts,employmentType,loanPurpose,monthlyPayment,savingsAccount,LoanRejection
56,131317,132556,403,23,2,0.28454138567693377,0,0,4,4,370,0,0
69,159789,200246,509,9,3,0.4430337063376194,0,0,4,1,1643,0,0
46,93686,31160,767,37,2,0.6171059444286563,0,1,1,2,649,1,0
32,87661,251242,753,21,2,0.8499593305032054,1,0,3,2,4763,0,0
60,64247,22633,567,25,3,0.19624571670616564,0,1,4,2,4114,1,0
25,265121,493096,685,42,2,0.1255497898984771,1,1,4,1,4554,0,0
38,167820,284158,686,38,0,0.9634799474743275,1,0,4,2,1812,1,0
56,286765,347676,558,26,1,0.10804455937640711,1,0,3,4,3340,1,0
36,166106,54104,582,28,2,0.47849107010718916,1,1,3,3,1462,1,0
40,278930,439837,339,46,3,0.5855637287933019,0,1,1,3,4993,0,1
28,156194,344375,785,37,1,0.5413744209074383,1,0,2,4,1384,1,0
28,58638,73388,519,19,3,0.0860321570329432,1,0,3,3,986,0,0
41,138033,21014,428,26,1,0.05702691400361937,1,0,2,1,2358,0,0
70,125977,97578,819,40,1,0.10548342746103567,1,0,2,2,4482,0,0
53,108869,169827,559,19,2,0.5855876838726125,0,0,3,2,1885,0,1
57,125186,45390,665,43,0,0.5443448876343211,0,1,4,2,4938,0,0
41,186926,290855,843,18,2,0.23374079203674425,1,0,1,1,3643,1,0
20,66271,96658,823,19,3,0.6377741418455916,1,0,2,1,395,0,0
39,161339,62993,315,34,3,0.8200675020556494,1,1,4,1,2153,1,1
70,241897,210768,428,46,1,0.041578959846593766,0,0,3,4,2697,1,0
19,21062,163285,408,1,1,0.4981299435480424,0,0,2,1,780,0,1
41,267736,251860,832,29,0,0.6893104121026903,0,1,2,3,4990,1,0
61,70448,456000,568,33,2,0.2523119270696871,0,0,2,4,4398,1,0
47,115462,274565,461,21,3,0.3077709052931491,0,1,4,4,424,0,0
55,265885,223008,559,2,1,0.6136379029893838,1,0,4,4,2391,1,0
19,67915,497289,401,5,0,0.8979352934437369,0,0,4,1,4522,0,1
38,286776,22727,805,14,3,0.8099244203028994,0,0,2,4,1086,0,0
50,124592,379562,546,26,1,0.5831302190995835,1,1,2,1,3218,0,1
29,154668,9358,836,9,3,0.7302217177572492,0,1,1,1,860,1,0
39,128099,332252,430,8,0,0.3648224702077987,0,1,1,4,3793,1,0
61,27561,262681,652,32,0,0.6409655280987577,0,1,4,2,1136,1,1
42,102152,99018,495,31,3,0.46618159112755697,1,0,4,2,1006,1,0
66,145036,391601,681,47,2,0.1899361364575609,0,1,3,4,464,0,0
44,46734,430333,526,5,3,0.7017382738772572,1,1,4,2,3513,0,1
59,46069,486916,775,40,1,0.556464637348822,1,1,1,3,1169,1,0
45,230977,299054,776,35,2,0.3586215819535914,0,0,1,3,4469,0,0
33,32910,131888,564,1,1,0.9113391900786307,0,0,1,1,2355,1,1
32,101264,234104,671,28,3,0.020934117826733267,0,1,2,2,3786,0,0
64,43275,322898,785,3,2,0.315773151249496,0,1,2,3,4319,0,0
68,92274,198510,733,0,1,0.05688139777764656,1,0,4,4,3181,0,0
61,211076,114847,510,18,3,0.7665273162216272,0,1,3,2,3358,0,1
69,214053,427587,676,25,3,0.7021074541137926,1,1,3,3,2207,0,0
20,205625,449717,694,24,2,0.33135221873631704,1,1,3,3,3033,1,0
54,68447,459162,749,9,3,0.675662902207073,1,1,2,4,2929,1,0
68,95703,305611,663,14,0,0.39593722619594984,1,0,1,1,541,0,0
24,299404,415841,756,21,1,0.7562537914224343,1,0,1,4,1659,1,0
38,132581,301037,525,50,1,0.4541836627367061,0,0,2,1,1841,0,0
26,285956,81329,430,47,3,0.41227972783166555,1,1,3,3,725,0,0
56,209728,36007,775,20,3,0.934729915488301,1,1,3,1,3963,0,0
35,136421,489518,576,21,0,0.25087909989070023,0,0,4,3,1790,0,0
21,21605,175604,455,35,2,0.12044733999656543,0,0,4,3,2881,1,0
42,92303,321397,517,33,3,0.5845431132594582,1,0,3,2,190,0,0
31,178211,17323,489,29,3,0.9693218122841789,1,1,2,1,3106,1,1
67,207210,378479,716,24,3,0.37783921372718665,0,0,3,1,4402,0,0
26,281949,117356,845,44,3,0.06203676362878152,1,1,4,1,1188,0,0
43,164990,115944,340,27,1,0.33930526730956745,0,1,3,4,4711,1,0
70,178518,209451,606,0,3,0.5059316543195584,0,0,2,2,1280,0,0
19,144040,412426,637,48,1,0.1619230066322137,1,0,1,2,2001,0,0
37,164118,283600,613,44,3,0.658102218056492,0,1,2,2,4590,1,0
45,251966,36367,374,3,2,0.9977493890102006,1,0,2,4,286,1,0
64,286468,59624,578,6,0,0.4517394759814438,1,0,4,1,1697,1,0
24,291255,408322,475,48,2,0.35472855673021264,1,1,2,1,3508,0,0
61,36389,239565,572,8,3,0.40070416683446664,0,1,2,1,3847,0,1
25,142177,73008,588,35,3,0.11514617839520114,1,1,4,2,2770,1,0
64,179818,393070,571,18,3,0.8832736014262238,0,1,4,2,4925,1,1
52,142883,382539,365,0,2,0.414825655521352,1,1,1,3,339,0,1
31,238958,121492,782,9,3,0.3872744114248413,1,0,3,4,2680,0,0
34,258213,77240,547,35,2,0.6596902729304743,0,1,2,4,4336,1,1
53,132221,331459,455,8,1,0.4420334209311235,1,1,4,2,238,1,0
67,295378,467465,346,44,0,0.648233468807846,1,1,1,3,2606,1,1
57,280669,206659,753,45,0,0.061446290130787506,0,0,3,1,4265,1,0
21,254936,277900,500,41,2,0.8137233437222274,0,1,4,2,4580,0,1
19,20846,466227,423,31,1,0.9405039528794026,0,1,3,4,4825,0,1
23,30954,303522,300,31,2,0.648765386159386,1,1,3,4,2345,0,1
59,264761,140327,490,5,1,0.9545659288588108,0,0,2,4,4400,0,1
21,157541,412700,815,47,3,0.1514323143699633,0,1,2,1,1849,1,0
46,84323,130703,741,37,1,0.4774161894803537,1,1,4,4,667,0,0
35,111922,323693,442,16,1,0.6018067339454473,0,1,3,1,981,1,1
43,209139,170575,490,9,1,0.5817366474211867,1,0,4,1,739,0,0
61,200448,340938,832,49,0,0.40146177908904324,1,0,4,1,4061,0,0
51,196659,498948,526,26,1,0.3380844093662614,0,0,3,2,4520,0,0
27,255659,312257,612,49,3,0.1268240225504188,1,0,4,1,4637,1,0
53,124537,79069,601,34,3,0.3917424505622782,0,1,3,3,4999,0,0
31,261983,234189,759,20,3,0.16266081510548513,0,1,3,4,2435,1,0
48,62533,403465,700,24,1,0.7343656764922184,0,0,3,2,4421,1,0
65,283972,256051,850,27,2,0.20883093549458998,0,0,3,4,3085,0,0
32,21917,417417,692,46,2,0.05856530528453385,1,1,1,1,659,1,0
25,52254,130541,506,14,3,0.5523661378172343,1,1,3,2,813,0,1
31,281987,194648,509,3,0,0.5952297327194016,0,0,2,3,4693,1,0
40,67362,261353,414,28,2,0.8719130612805055,0,0,2,1,4088,0,1
57,262353,276830,550,8,1,0.5769816124176819,1,0,2,4,356,1,0
38,210455,320507,518,26,2,0.3454808537234457,0,0,3,3,676,1,0
33,85545,364687,706,25,3,0.8030118815263205,1,1,2,1,137,0,0
62,102180,136733,742,18,0,0.5402788931874211,0,0,1,3,2172,0,0
35,107958,180915,653,27,2,0.07928028463119174,1,0,4,1,4605,0,0
64,25287,100673,849,16,2,0.5658505603132467,1,1,3,2,560,0,1
70,277665,459179,441,42,3,0.9080185454216624,1,1,2,1,1540,1,1
41,28512,47828,800,40,0,0.39631262549822055,0,1,1,2,4578,1,0
43,152414,315748,846,41,0,0.29632580189980007,0,1,4,1,1932,1,0
42,128872,277670,841,49,3,0.14346945701802005,0,1,1,1,4764,1,0
62,267754,336054,806,19,1,0.15144552193535732,0,0,2,4,3499,0,0
58,113070,30592,580,44,2,0.4327714843418189,0,0,1,3,532,1,0
46,99767,296126,723,39,1,0.5956798241615295,1,0,4,3,4251,0,0
32,117829,267351,569,38,2,0.08061540516960175,1,1,2,3,1851,1,0
62,62078,237041,453,48,2,0.9395685890251657,1,0,4,1,2147,0,0
18,103524,355877,382,22,1,0.7551336174451959,1,1,1,1,2940,0,1
42,247645,235008,725,46,3,0.5866239182836627,1,0,3,1,356,0,0
24,32219,129982,574,31,3,0.8284386709389908,1,0,3,2,771,0,1
26,282379,261911,583,46,2,0.08018675681211329,1,1,3,2,589,0,0
41,147309,73619,472,32,3,0.4768388777331244,0,1,3,4,3814,1,0
18,159639,165400,626,45,2,0.6300931268616634,1,0,4,1,2196,0,0
61,216513,313623,362,4,3,0.8286529061182892,0,0,3,3,1782,1,0
25,268320,156175,372,42,2,0.7834695600492677,1,0,4,3,4511,1,0
41,156487,175963,674,47,3,0.27706924971339963,1,0,2,4,2560,0,0
28,187231,146826,807,33,0,0.9408801695592043,0,0,3,3,4629,1,0
68,63925,236055,697,39,1,0.12434584143087035,1,1,4,4,4012,1,0
34,157023,348581,419,10,0,0.8751336186211521,0,1,3,1,2075,1,1
25,107388,103540,736,49,1,0.9709402496046186,1,1,3,3,3316,0,0
52,28007,340126,764,2,1,0.17715352322262556,0,1,3,1,1489,0,0
52,277802,107747,585,32,2,0.7220660642037853,1,0,4,2,4615,0,0
50,78596,191994,564,10,1,0.040285518777998464,0,0,1,3,3956,0,0
22,275266,315375,619,15,0,0.40542282513915495,0,1,3,2,1684,1,0
59,35524,34301,675,17,0,0.516283299197674,1,0,3,3,3063,1,0
56,175002,227724,388,29,3,0.5806452259096341,1,1,2,1,4629,1,1
58,145501,198783,502,47,0,0.9359372482485595,0,0,1,4,1076,1,0
45,168056,177395,633,9,3,0.6722506872941947,1,0,4,1,3464,1,0
24,34060,23752,521,17,1,0.481277951219237,0,0,2,1,145,1,0
26,234057,496128,340,37,0,0.8096750362658893,1,1,3,1,1293,0,1
25,210279,218277,367,18,1,0.9505328209544089,0,1,2,3,3442,1,1
29,226118,365596,813,35,0,0.022066148682290843,1,1,2,4,4612,1,0
51,180359,149467,426,12,0,0.9825212722560387,0,1,3,2,346,1,1
50,59711,222029,554,45,3,0.08613213906368034,1,0,1,1,3319,0,0
65,163026,388381,315,2,1,0.8143867792687614,0,0,1,3,4425,1,0
40,238134,61273,776,9,0,0.2803347525514125,0,0,2,2,891,1,0
41,122974,263503,361,37,2,0.13217965775387175,1,0,3,1,736,0,0
54,169646,96878,731,0,1,0.4398556397138349,1,1,4,2,3875,1,0
52,170168,272039,567,26,1,0.6439565794476135,0,0,2,1,2521,0,1
61,87728,124968,334,45,1,0.380951845023475,0,0,4,2,4933,0,0
57,185088,382844,793,7,3,0.05456540828269896,0,0,2,2,1188,1,0
39,31246,81559,768,50,2,0.5994611396587166,0,1,2,4,4283,1,1
44,112263,15699,624,45,1,0.9024032761106747,1,1,3,4,3259,0,0
52,31302,201133,603,41,0,0.3832153659472517,0,1,3,1,812,1,0
18,61157,14715,575,16,0,0.21633277763082703,0,0,4,3,4796,1,0
52,74917,24169,500,8,3,0.4425773459328154,0,1,4,4,3744,0,0
54,243810,123413,744,5,0,0.04836271104878087,1,0,1,2,3990,0,0
64,116646,414379,623,42,1,0.8204875844802748,0,0,3,4,2686,1,0
31,287552,124264,334,24,0,0.8263408109501867,1,0,2,4,4409,0,0
20,79379,272926,781,38,1,0.5880004634296284,1,1,2,1,2208,1,0
18,45053,224249,779,48,0,0.3531028889383895,1,1,1,4,4893,1,0
22,151994,129481,364,27,2,0.7997833644457834,1,0,3,4,3714,1,0
43,118723,220400,307,32,3,0.5546870247883672,1,0,2,2,1342,1,0
31,71356,40585,600,36,3,0.8259323085500162,1,1,1,4,2159,0,0
56,292933,297826,642,8,2,0.6314587925830206,1,1,1,2,3586,1,0
44,52154,183936,730,17,2,0.7844054732127973,0,1,2,4,4432,0,0
26,233942,397136,723,20,3,0.59856299321776,0,0,2,4,3910,1,0
32,284480,351560,631,1,2,0.4141410682156662,1,0,4,3,4000,1,0
32,52265,453330,737,42,1,0.9579458599261376,0,0,3,4,2705,0,0
43,263322,394954,473,37,0,0.5411138248788447,0,1,4,2,4842,1,1
59,194944,43067,826,39,3,0.6050895185405384,1,1,1,2,3134,0,0
30,66197,178757,325,35,2,0.22048763941474925,0,1,2,1,4668,0,0
68,174782,258334,705,49,1,0.6256507894272765,1,0,4,1,4307,1,0
49,180558,23073,531,42,3,0.5716076494829438,0,0,1,3,4151,1,0
56,91907,41035,832,36,2,0.18483839794702495,1,1,3,2,3463,1,0
66,222967,201049,849,14,3,0.059587097353143714,1,0,2,2,4121,1,0
69,252604,238782,804,27,2,0.6043593197147711,0,1,4,2,1945,0,0
49,84772,95373,478,17,3,0.7636922693503205,0,0,3,3,482,1,0
21,146108,350506,431,33,1,0.5234013709220082,1,1,4,2,4212,1,1
47,34382,95517,754,21,1,0.2267726253196457,1,0,1,1,4688,1,0
54,104291,70450,647,10,0,0.6665219766930349,1,0,3,3,3910,1,0
40,154828,15382,839,12,3,0.08010572660960225,0,1,4,1,1996,1,0
56,167550,402653,705,3,0,0.4418337048019546,0,1,3,1,1609,0,0
62,252050,207043,375,21,3,0.1633667583984202,0,1,1,3,4312,1,0
32,150330,462828,791,6,2,0.18445905105988336,0,1,3,4,1678,0,0
60,91315,226427,493,42,2,0.20229394915820365,1,1,4,4,979,1,0
46,34153,66929,461,23,0,0.3867070570439779,1,0,1,1,2262,1,0
53,96325,238483,646,3,3,0.051150205620397626,1,1,2,4,1672,1,0
30,260773,233590,660,27,0,0.3977934409290982,1,1,4,2,1748,0,0
49,75318,366008,386,14,1,0.5117074471147008,0,1,4,3,4839,1,1
24,96077,148401,561,0,0,0.4832942849663252,1,0,1,1,1459,0,0
68,153515,261677,513,2,0,0.38278410040304056,1,1,1,2,4531,0,0
39,226988,292313,561,13,2,0.8391466080707525,0,1,2,4,3069,1,1
45,145885,92468,582,37,0,0.1453266924205041,0,1,4,2,4060,0,0
19,37368,39594,766,49,3,0.505696743781374,1,0,1,4,3911,1,0
59,166400,475173,679,0,2,0.062041416956554296,0,0,2,1,4342,1,0
62,208014,196703,661,37,0,0.07115567887790974,1,1,2,2,4317,0,0
70,111751,50033,748,37,1,0.5738658496770963,0,0,1,3,180,1,0
23,250203,68133,740,20,0,0.566018424887821,0,1,4,1,2832,1,0
45,190987,471381,392,47,0,0.878033512844457,1,0,3,2,2809,0,0
45,231951,78861,723,28,0,0.5578736756600732,0,1,3,2,2522,0,0
61,215716,188362,441,4,2,0.9597910204048502,1,0,2,4,3741,0,0
61,80279,492247,590,48,3,0.04869484839992977,0,1,3,1,4699,0,0
37,20126,298894,731,9,1,0.09800768478074107,0,1,3,1,767,0,0
47,47632,493371,348,27,0,0.04406586157038139,0,0,1,1,2596,0,1
28,216382,45461,601,20,3,0.18527685033354002,0,1,2,1,3599,1,0
45,129945,472016,489,49,3,0.5412701109416781,0,1,4,4,3598,0,1
42,270869,83222,435,6,2,0.645572181427428,1,1,2,3,1544,0,1
56,237138,117020,703,2,1,0.0455851579486688,0,1,1,1,1445,1,0
50,195399,291370,640,44,2,0.9459708898455993,1,0,3,4,1289,1,0
18,154869,273865,617,46,3,0.842165376650381,0,1,4,3,558,0,0
44,198954,454370,662,19,3,0.2966124821570931,1,0,2,3,1312,0,0
69,164790,25609,681,18,3,0.07718753022646796,0,0,3,4,4659,1,0
30,54560,450346,532,34,2,0.16988707321905727,1,0,2,1,1011,0,0
58,152717,135513,643,3,1,0.12694441375497267,1,0,4,3,1125,0,0
20,198595,208981,848,4,0,0.12328377929894685,0,1,2,1,2511,1,0
56,144085,109211,828,0,2,0.5185616886657339,0,1,2,1,171,0,1
23,120158,191321,482,3,3,0.2458474424934003,0,0,2,2,2785,1,0
25,204245,447111,340,11,2,0.35813971652914445,1,1,3,1,1293,0,0
44,188502,492689,850,26,3,0.9895053333843224,1,0,4,2,1948,1,0
26,162766,403872,696,41,0,0.6843142489253448,0,1,4,3,2484,1,0
54,77545,392009,793,22,0,0.9489806670470013,0,1,3,4,2122,1,0
50,33224,341664,632,24,1,0.1425565550331156,1,1,3,2,3841,0,0
68,60738,461956,426,20,3,0.38213947483256927,1,0,3,4,4848,1,0
59,200760,331453,300,23,1,0.5547318032823543,0,0,1,3,1398,0,1
61,259690,34984,467,24,1,0.07675806188873802,1,1,2,1,4202,1,0
41,159649,123947,318,44,0,0.004187443627957865,0,0,2,3,1004,1,0
32,28070,209894,631,45,2,0.6704343337969175,0,0,4,4,3126,1,0
49,146161,10901,755,31,2,0.6418195168014353,0,1,2,3,2128,0,0
49,28666,167624,408,31,1,0.41078880999961176,1,0,1,1,4811,0,0
41,157855,227317,567,4,0,0.48964407603203264,1,1,3,3,2720,1,0
58,61914,298199,744,35,3,0.4154430005920896,1,1,4,1,2746,0,0
69,221579,173757,539,45,2,0.024005044844888856,1,1,4,2,4965,0,0
66,147738,472181,600,41,1,0.3353716062174624,0,0,2,4,2389,0,0
66,266965,150788,402,48,2,0.17708225539728983,1,1,4,1,3972,1,0
69,238967,119099,549,41,2,0.09842418910136874,0,1,3,1,1585,0,0
29,114270,16138,752,38,3,0.9567204338893498,0,0,4,3,3251,1,0
56,286901,171370,819,15,0,0.5993597250421656,0,0,3,2,1540,1,0
19,39097,449328,452,32,3,0.7286562842366027,1,0,1,1,865,1,1
20,161467,28429,473,48,0,0.3153637432661175,0,0,1,2,4579,0,0
66,167313,55200,642,20,2,0.3931471294940152,0,1,3,2,2538,1,0
54,178768,207380,730,8,1,0.23692399389672347,1,0,2,3,4192,0,0
66,266726,446460,623,5,3,0.09696567096542474,0,0,4,1,4883,0,0
34,66163,253289,719,50,0,0.1790316374415838,1,0,2,3,1249,1,0
66,39816,250127,784,44,2,0.7975140452964858,1,0,4,4,3665,1,0
19,253619,368412,711,34,0,0.6775458051837758,1,1,1,4,4242,1,0
19,175989,241513,383,38,0,0.5469288759854769,0,0,1,1,2072,0,1
45,116731,22347,412,21,0,0.47508987286676807,1,1,1,2,2766,0,0
40,172638,152992,631,40,2,0.9224342836561245,1,0,4,1,563,1,0
54,226524,36822,677,4,1,0.0727349477786684,1,1,1,1,4318,1,0
49,82823,444875,340,41,1,0.28060081323791597,1,1,1,4,2281,0,0
50,171878,45108,404,22,1,0.34993785357071405,0,0,1,4,1742,0,0
18,226592,396099,501,16,0,0.7824258122127878,1,1,1,2,3988,1,1
36,21759,487315,749,11,2,0.9925146201619713,0,0,2,2,940,0,0
19,277164,12967,565,22,0,0.24067051475715306,1,1,1,1,2754,0,0
70,153554,377863,509,15,1,0.8743073341370806,0,1,1,3,4218,0,1
61,113501,16871,417,2,1,0.8306227604317913,1,1,2,1,665,0,1
43,284223,230371,676,29,2,0.22465739764176662,0,0,2,2,1064,0,0
49,79676,213524,850,21,0,0.3993325801992226,1,1,4,3,2382,0,0
23,237516,210342,839,8,3,0.4096728692925191,0,0,3,4,1095,1,0
49,193532,169685,383,28,3,0.9782206685265583,0,1,1,2,1287,0,1
21,110397,33179,753,46,1,0.18089190137889832,0,1,1,2,4411,1,0
28,92847,256537,813,36,2,0.799157971104782,1,1,1,3,3354,1,0
34,113607,188260,686,22,0,0.3341927141731099,0,1,4,2,756,0,0
55,240178,322243,649,12,0,0.7308703457761604,0,1,1,2,3082,1,0
41,169521,40262,595,31,1,0.42001100429566285,0,1,3,2,1213,1,0
22,84077,345357,557,45,1,0.57835976311654,0,0,2,2,4506,1,0
69,199374,384551,380,46,0,0.8326117733261311,1,0,4,2,656,0,0
51,277009,416484,567,47,0,0.8041655649838841,0,0,2,2,3119,1,0
23,157717,476082,718,22,1,0.8664231835397002,0,1,1,2,2404,0,0
39,58000,353413,534,44,0,0.05961732534465902,0,0,1,2,2680,1,0
28,46737,65545,610,16,3,0.6920505530397448,1,1,1,4,151,1,0
65,293629,239555,656,39,1,0.13998737672176287,0,0,3,2,1461,1,0
33,206240,228894,512,20,0,0.415818568018411,0,0,3,4,1294,1,0
50,72487,208218,348,1,1,0.5485884150546885,0,1,4,4,4119,0,1
26,294486,470182,426,36,2,0.40273948474683074,0,1,2,1,3238,1,0
23,98623,307066,522,5,1,0.5196116758030075,1,0,1,1,1748,1,0
33,203675,477580,578,43,1,0.9965263087986191,0,0,1,4,771,0,1
46,233046,47913,707,17,2,0.13521731371285473,0,0,1,4,877,0,0
20,125947,364177,804,29,3,0.6754560453364256,1,0,1,2,2379,0,0
37,148177,371936,593,21,0,0.3960009663856152,1,1,3,1,3122,1,0
53,236454,255497,576,32,2,0.13300979890732878,1,0,2,3,1960,0,0
36,129575,453893,737,29,1,0.15873676337430953,0,1,2,1,3239,0,0
43,227606,448057,406,16,0,0.9492731062456169,1,1,4,4,1174,0,1
20,96218,182404,719,42,2,0.879601496711762,0,0,3,4,1816,0,0
36,83230,490278,728,31,0,0.9070419604150218,1,1,1,2,1383,0,0
37,265756,387007,674,41,0,0.9915327758273865,0,0,2,2,4786,0,0
49,182552,493910,372,50,2,0.20831539000851795,1,1,2,1,2086,1,0
24,59986,161104,329,13,0,0.35543933736406175,0,1,3,2,2733,0,0
69,175232,173918,487,9,3,0.6692190299248667,1,0,4,3,1101,1,0
58,121358,195546,663,46,2,0.48380253986064725,0,1,4,3,1146,0,0
50,93506,49936,750,50,3,0.4183895333783335,0,1,1,2,2276,0,0
57,54911,165866,494,35,1,0.35781124933559305,0,0,4,3,2438,0,0
56,226111,197660,455,33,0,0.5937806319434522,0,1,2,3,1955,1,1
35,104458,207056,471,8,1,0.575593428640082,0,1,4,1,600,0,1
57,32175,448547,340,41,1,0.16145783406424008,0,0,1,3,2333,0,1
18,141300,230469,362,27,0,0.47173983751843906,0,0,2,4,4674,0,0
28,106925,33141,322,10,2,0.5534717762098499,0,1,4,4,2639,0,1
45,264446,407290,659,13,0,0.5702869387313905,1,1,4,1,4708,1,0
42,86358,142478,374,38,1,0.2101071929123518,0,1,3,2,3814,1,0
67,67057,102359,417,46,1,0.7422713922522868,0,0,1,1,2432,1,0
40,288294,390423,679,18,2,0.025199094821069634,1,1,4,2,700,1,0
48,286569,159363,589,14,0,0.35483185554316266,0,1,3,2,4384,1,0
47,274726,46568,739,27,1,0.7802126485356335,1,1,2,2,1088,0,0
59,298176,102539,306,23,3,0.5638929210554023,0,1,3,2,1981,0,1
52,22198,51851,495,7,1,0.26116243251086024,1,1,3,2,4583,0,1
24,204466,498158,720,42,1,0.6949531193430477,1,1,4,1,1854,1,0
33,187292,59823,492,8,2,0.5673909441560734,0,0,4,2,2564,0,1
43,164931,28312,447,46,3,0.7962436094563872,1,0,4,3,2323,1,0
65,182491,441324,501,32,1,0.7350251861898234,0,1,3,3,4582,0,1
69,280910,465134,743,32,1,0.6101079220362347,0,1,2,2,1594,1,0
66,43236,432387,718,18,3,0.488177675310814,0,0,1,3,952,0,0
19,107955,439995,726,2,0,0.1331821256675234,0,0,3,4,551,0,0
18,236586,204900,778,9,0,0.26133301788538377,1,0,4,1,2424,0,0
65,123145,365867,774,39,1,0.41909947291708527,0,1,1,1,1858,0,0
29,166430,279555,425,46,1,0.5992992870063887,1,1,2,2,4408,1,1
22,250785,254062,694,41,0,0.5137078552153048,1,1,1,2,3453,0,0
54,114914,324153,624,0,2,0.2881845259595295,0,1,4,4,4236,0,0
49,227990,413638,691,28,3,0.006464357789710551,0,0,3,2,4795,0,0
26,34596,440684,739,49,3,0.49623922190081393,0,0,3,3,3438,1,0
58,152351,37371,503,33,2,0.2856259885622431,0,0,4,4,2688,0,0
52,214269,62022,785,50,2,0.7346083007105351,1,0,3,3,1882,0,0
36,158155,338373,330,12,2,0.02394626527048349,0,1,4,1,3620,0,0
65,140674,104071,687,0,2,0.5848278113057909,1,1,3,3,1879,0,0
33,277529,187268,733,33,2,0.9414742375060654,0,0,3,1,3232,0,0
20,260469,478570,675,28,2,0.1744092671114995,0,0,3,3,3673,1,0
37,276713,363918,643,47,3,0.47164949075059537,0,0,2,1,3318,1,0
41,39063,494626,742,46,2,0.09142199181713817,0,0,2,2,3857,1,0
50,87642,293859,374,12,0,0.6256819122613526,1,0,4,3,4116,0,0
41,110093,294749,454,47,2,0.5505316805962256,1,1,2,1,2937,1,1
69,237215,104853,729,48,2,0.40736552421283234,0,1,4,3,2481,0,0
28,202992,36174,662,28,3,0.5213770214737412,1,0,1,4,4339,0,0
66,179601,408172,747,38,3,0.8965746584690102,1,0,1,2,4036,0,0
25,55954,81373,533,23,2,0.19629430231106704,0,0,2,1,4528,0,0
53,47856,336396,561,25,3,0.022564511705347234,0,1,1,4,1519,1,1
55,22573,198021,424,16,1,0.861664884699101,1,1,1,3,4250,1,1
57,55367,198718,544,6,3,0.5771170823879065,1,1,3,4,1430,1,1
37,257804,75017,841,12,3,0.8906584554618424,1,0,3,3,3017,0,0
52,43752,68037,784,4,3,0.5969452234131726,1,1,4,2,1546,1,0
65,168757,94818,421,25,3,0.8101610899597025,0,0,1,4,1540,1,0
42,136739,11548,424,48,0,0.42967336335514794,0,1,4,2,3844,0,0
52,258009,121981,848,2,0,0.7498599312882688,1,1,4,1,2944,1,0
42,276028,239213,469,6,0,0.913041466889856,0,1,1,3,4275,0,1
46,227980,209366,423,48,2,0.5721229637222063,1,0,2,3,964,1,0
35,276609,159249,334,38,2,0.18078515056237954,1,0,1,2,571,1,0
63,208456,291166,386,0,1,0.26879761503019817,0,1,3,2,1602,1,1
35,51653,111297,500,48,0,0.19864457689740578,1,0,1,1,4784,0,0
19,177729,141614,668,16,2,0.24685702759573291,1,0,2,4,1510,1,0
52,248504,227084,376,42,3,0.3064154493510364,0,0,4,3,3870,1,0
33,141829,494536,358,24,3,0.5551337867531885,0,0,4,3,2005,1,0
58,148377,65428,730,2,0,0.5879916294638328,1,0,3,1,4759,1,0
53,21622,158812,799,14,1,0.4264997472418611,1,0,3,1,4101,0,0
50,68756,326497,408,28,1,0.6154207798208354,0,0,3,2,3604,0,1
21,60809,488569,577,42,3,0.08157492561136592,1,1,4,2,3583,1,0
50,36725,118132,367,31,1,0.08778823705815997,1,0,3,4,4662,1,0
31,212468,192604,368,25,0,0.17182946035765845,0,0,1,1,698,1,0
38,71226,21052,464,15,3,0.5180774980403448,0,1,4,4,1091,0,1
65,101182,105689,788,24,2,0.21399467869831357,0,1,2,1,2032,1,0
37,49402,183148,604,27,2,0.28328440349257733,0,1,4,3,2884,1,0
25,24263,451636,664,8,1,0.40031283617299407,0,1,1,1,3141,0,0
24,247595,136743,678,0,3,0.8118661240103798,0,0,1,1,166,0,0
20,197900,267307,642,28,3,0.013862135912860118,1,1,3,3,3498,0,0
34,67924,308568,653,21,2,0.6493788202366224,1,1,4,1,2850,1,0
50,244137,451960,715,15,3,0.6688765310406853,0,0,4,4,569,0,0
65,180445,468547,408,40,3,0.7986557803566365,0,0,4,2,1824,0,1
29,187469,408850,796,50,3,0.9327529390603132,1,0,2,2,4085,1,0
68,121371,140870,640,43,1,0.020137848949289827,1,1,3,4,1731,0,0
39,58709,289564,682,50,3,0.15378370551321618,1,0,1,3,874,1,0
39,212192,125575,832,40,0,0.886171294055993,0,1,1,1,3112,1,0
63,170322,263230,599,6,1,0.45851856218701537,0,0,3,4,2603,0,0
47,41172,296444,438,13,3,0.5645906389334635,1,0,1,2,1586,1,1
55,31555,357025,658,28,3,0.6630272037231474,0,1,1,2,4119,0,1
55,73276,15749,798,18,0,0.6790666044956374,0,0,3,4,4327,0,0
62,77492,109131,684,18,1,0.9317404033165082,0,0,1,2,1029,0,0
68,204074,161193,579,1,2,0.9969494174116696,1,0,4,4,3112,1,1
25,276010,395707,782,40,2,0.7201574609309402,1,0,2,2,1605,0,0
44,242320,304631,410,44,1,0.2872212092051508,0,0,3,4,4829,1,0
44,31046,230019,438,14,3,0.8797524022943436,0,1,2,1,3044,1,1
51,248071,431577,734,2,3,0.04922091454076161,0,1,1,1,2919,1,0
38,204374,288367,808,10,2,0.2310808528744962,0,0,1,1,1284,0,0
47,286997,77930,572,45,2,0.8973857174637149,0,1,4,1,388,1,1
50,140900,150128,398,29,2,0.25619151443935495,1,1,3,2,1911,1,0
45,79129,295524,403,39,0,0.22065105962174847,0,1,1,3,627,0,0
64,257091,293179,513,17,2,0.13812529314024724,0,0,3,4,1016,0,0
50,225550,297764,464,50,0,0.8591117576469165,0,0,3,3,1808,1,0
22,264883,418093,819,47,1,0.5000582591910867,1,0,3,2,3674,1,0
65,134130,261553,583,1,3,0.6748932030541548,1,1,3,2,3419,0,1
36,166922,453532,816,31,2,0.23906638407502967,0,1,3,3,1506,1,0
21,141789,200113,463,7,3,0.7580404210112165,1,0,2,3,1341,1,0
52,175130,384504,363,21,3,0.7600055449620985,1,0,4,2,3233,1,0
66,196492,58352,390,5,2,0.31259802490830013,1,1,3,2,898,1,0
34,58890,429127,416,11,2,0.41068263301028285,1,1,2,4,1623,0,0
61,86017,168856,566,46,1,0.20969027743020086,1,0,1,1,4207,1,0
45,198376,8191,439,39,0,0.9765610233229043,1,1,3,1,2988,0,1
47,183993,431376,545,35,0,0.6456025770584116,0,1,1,4,2790,1,1
46,152596,357680,694,14,3,0.9345438807155155,1,1,3,3,4191,0,0
63,120424,109576,786,27,2,0.30338554362913317,1,1,2,2,1341,1,0
70,297192,200713,775,48,1,0.7818909129968897,0,1,2,3,790,0,0
23,188976,447939,816,44,1,0.765858643884742,0,1,2,1,627,1,0
52,54008,8631,483,17,1,0.6916556518665415,0,1,4,1,1595,0,1
58,225738,142244,319,1,1,0.9656389752668004,0,0,1,3,3925,1,1
54,103559,309224,823,12,1,0.39355533610631555,1,0,4,1,2993,1,0
41,75337,225169,828,44,0,0.1307173235897573,1,1,3,2,992,0,0
46,295494,95353,446,14,0,0.6717088592440608,1,1,1,4,486,0,1
66,44354,418497,603,19,0,0.7293098004772062,1,1,2,3,1349,0,1
63,65186,33671,527,28,2,0.5750605734588147,0,0,1,2,2628,0,1
70,48145,127811,401,41,3,0.20681789313339627,1,0,2,2,4603,0,0
48,106123,187503,716,28,1,0.5044559416693554,1,1,4,1,3628,1,0
52,226258,226972,515,2,2,0.3121897365691294,0,0,4,2,997,0,0
50,236541,258211,706,18,1,0.42746652816668906,1,1,2,3,810,0,0
69,40581,394878,698,2,0,0.6452185758446639,1,1,2,2,3795,1,0
38,108929,229033,798,13,2,0.7452147426908345,1,1,3,4,2786,0,0
49,71474,426818,764,39,0,0.23222469090134312,1,1,4,2,4612,0,0
40,111748,224861,381,3,1,0.40532536064695335,0,1,4,2,515,0,0
50,145995,318543,664,10,1,0.2691615709916292,0,1,3,4,1571,1,0
20,265690,159544,462,30,3,0.19863161386186912,0,1,4,2,4280,0,0
35,289104,185302,347,42,1,0.7833872199958384,0,0,2,2,4362,1,0
42,200553,471832,810,31,0,0.9092526944369924,0,1,1,1,2531,1,0
59,56408,12099,628,26,1,0.3702321856845767,1,0,1,3,2615,0,0
48,279568,254686,415,29,3,0.7512789243737669,1,1,4,1,1195,1,1
20,171563,423647,636,42,3,0.8969952893644111,0,1,3,3,909,0,0
57,152413,61492,446,1,0,0.8461242105302316,0,0,2,4,3144,0,1
63,195695,101722,622,48,2,0.1828133885392259,0,0,1,4,1092,0,0
41,110327,445900,742,8,1,0.9562918815133613,1,1,2,4,1381,0,0
67,222503,35111,312,27,3,0.37667644042946247,0,0,4,3,4470,0,0
49,163326,68936,793,30,1,0.33924066117383633,1,1,4,3,1873,1,0
64,202932,158686,586,33,1,0.062431327277780335,1,1,1,3,3661,1,0
39,31344,228332,413,14,2,0.486173654104883,1,0,4,4,3916,1,0
40,87957,440207,779,47,3,0.10901361564092871,1,0,3,3,1856,1,0
19,125423,206548,321,24,1,0.248539820927426,0,0,4,2,2473,0,0
44,166968,254031,648,35,3,0.3169426217672814,1,0,4,1,2676,0,0
59,206833,328064,619,7,0,0.808826323491684,1,1,4,4,991,1,0
19,213624,492510,425,8,0,0.8754886503958965,0,0,2,1,4284,0,1
43,271147,68530,576,36,1,0.3024663174614697,1,0,2,2,807,1,0
34,97454,434440,503,47,3,0.8586981212445739,1,0,1,3,2497,1,0
57,277594,274932,493,44,1,0.8572309373697911,1,0,1,1,4582,1,0
50,57641,33082,846,38,3,0.7646509503848735,0,0,1,2,2234,1,0
26,49711,390431,585,31,3,0.14669511401518154,1,1,4,2,2454,0,1
60,163254,94570,356,16,2,0.690322846900729,1,1,2,1,4635,0,1
65,107833,106015,602,34,2,0.9450240645805688,0,0,3,4,1076,1,0
56,64813,212888,462,36,2,0.6825404787671571,0,0,4,1,834,1,0
46,188270,350732,318,18,1,0.33161684910783396,1,1,4,4,2568,1,0
59,159892,152603,669,43,2,0.5005793174308313,1,0,4,3,2640,1,0
43,224615,355484,563,28,2,0.6457250433510536,0,1,3,4,732,1,1
52,61786,99439,412,6,0,0.5105704087285036,1,1,1,3,4368,0,1
67,246006,443073,787,27,3,0.11995294173096982,0,0,3,1,4199,1,0
42,250876,146214,626,8,3,0.31206404465202064,1,1,1,3,3001,1,0
41,57265,120053,841,27,2,0.8023960305536325,0,0,3,2,1763,0,0
30,269321,53355,364,5,3,0.8614180460955174,1,0,2,3,2115,0,0
24,86150,408082,591,28,0,0.13730003271557023,0,1,4,4,3281,0,0
53,107312,206139,324,16,0,0.9523867523987246,0,1,4,4,4163,0,1
62,109613,239706,848,15,2,0.32882261784860933,0,0,4,4,2730,0,0
37,141826,130426,300,22,0,0.66231373873072,0,1,1,3,3972,0,1
18,55435,69027,848,30,3,0.7518251459566812,0,0,3,4,1154,0,0
25,230017,456122,440,2,1,0.8119462346378834,1,1,2,4,480,0,1
63,154055,164210,487,20,3,0.9457497022259301,1,1,3,2,3182,0,1
33,171734,97601,427,25,1,0.3129195480288226,0,0,4,3,2491,1,0
31,229259,34956,500,35,2,0.8585064545515545,1,0,2,2,1692,0,0
29,192070,243340,426,41,1,0.13168690343620704,1,0,2,4,4361,1,0
68,114071,109797,556,36,0,0.7050409063535927,1,1,4,4,2847,1,1
40,288784,392061,846,21,3,0.7419777295139859,1,0,3,4,2489,1,0
32,166389,393447,493,41,1,0.6777232412013204,1,0,4,3,3653,1,0
45,135608,474511,403,11,3,0.252314736135153,1,1,3,1,3127,1,0
51,289708,141511,834,41,2,0.8730431470152034,0,1,2,4,1307,1,0
19,178417,445457,564,12,2,0.168858463370395,1,0,2,4,3953,1,0
49,133824,309677,683,10,0,0.05363479152083084,1,0,4,4,644,1,0
40,274444,426486,559,15,2,0.7174649906119122,1,0,2,4,3181,0,0
39,99273,83815,713,7,1,0.4754757152327337,0,0,1,3,3763,1,0
68,231837,44279,657,39,2,0.8490980199586761,1,1,2,1,2339,1,0
42,130017,376931,374,39,0,0.38339714105825895,1,1,1,1,2467,1,0
39,143618,422104,654,44,3,0.16827858850771282,1,0,2,1,3873,1,0
39,145341,153702,487,1,3,0.8364421924698697,0,0,4,4,2727,0,1
66,226604,66063,589,29,2,0.5489096316400717,1,0,4,4,4031,1,0
69,47788,254599,344,29,1,0.1891957923903549,0,1,1,1,2574,0,1
59,246577,259311,382,11,0,0.7203839985864458,1,0,4,1,3230,0,0
23,59974,132896,422,9,1,0.5111136384895005,0,0,2,4,3607,1,0
32,36371,171216,657,43,0,0.6043129822403198,0,1,2,4,196,1,1
60,202256,450377,827,10,2,0.4608983382065819,0,1,4,2,3958,0,0
54,93972,494934,365,14,0,0.8287089838180064,1,0,2,2,2808,1,0
50,213259,227146,674,15,0,0.8295627156830498,0,0,3,2,3436,1,0
25,295128,213432,461,16,2,0.7093888218243862,0,1,3,1,556,0,1
70,105431,187051,679,25,1,0.10540137739646227,0,0,2,3,4468,0,0
61,125373,102661,657,1,2,0.8388538619040689,0,0,4,4,3087,1,0
61,201144,405195,487,49,0,0.6710129805329098,1,1,1,2,4188,1,1
22,270195,424405,621,11,2,0.6970241660042995,1,1,4,3,3984,1,0
56,163748,178672,749,50,0,0.36298284040387163,1,1,1,4,1131,0,0
21,52733,457776,773,25,2,0.8792795561570067,1,0,4,3,307,1,0
23,236752,476256,312,22,3,0.7253716002348575,0,1,2,1,2037,0,1
62,22050,128257,483,17,3,0.11259046652919447,1,1,3,1,1246,0,1
49,129996,459774,410,31,2,0.40777803440616267,0,0,4,1,4399,1,0
69,53933,353349,807,48,1,0.8863803619601417,1,0,1,2,2664,0,0
47,44951,274054,589,37,0,0.047196701697378995,1,1,3,4,542,1,1
64,52413,455929,594,46,3,0.9614166196420495,1,1,1,1,4884,1,1
52,185873,314001,750,2,1,0.6791625683195628,0,0,2,2,932,0,0
57,206691,39964,514,37,0,0.6313759776433766,1,0,3,2,1561,1,0
69,208847,483883,326,2,3,0.2705592564879914,1,1,1,2,3616,0,0
33,241888,423443,530,29,3,0.24879178873917707,1,1,4,2,1259,0,0
30,281044,404194,620,0,2,0.9420582194885955,0,0,2,1,486,1,0
67,241165,485743,532,29,0,0.29827245423412274,1,1,2,2,2141,1,0
59,263662,284297,736,44,1,0.7755052967189994,1,0,2,1,2653,1,0
47,186472,326909,832,31,1,0.39312179820707915,0,1,4,1,1818,1,0
36,231760,235156,702,27,1,0.13925407078470398,0,0,4,2,4875,0,0
34,142744,113212,352,20,0,0.01071529769535895,1,0,3,1,4150,0,0
36,225763,44071,612,45,1,0.5442573370152508,1,1,4,4,3509,0,0
45,63001,117990,580,12,1,0.9757788185489327,1,1,3,4,789,1,1
43,87364,74519,330,26,1,0.3691361938092045,0,0,2,3,1269,0,0
54,258506,14503,636,35,2,0.35719233399304484,0,1,3,4,1052,0,0
43,248731,196775,482,6,2,0.3440916178494421,0,1,1,1,4979,1,0
70,151878,462595,322,21,0,0.5205438373048584,1,1,2,1,4690,1,1
40,207710,100457,843,9,0,0.44066488342429355,0,0,2,4,3596,1,0
26,148301,193938,745,38,1,0.8799146267270145,1,1,3,2,4017,0,0
29,180829,152977,373,14,2,0.5055207917234903,0,1,2,2,4942,1,1
70,54636,50838,309,14,3,0.5077578381885688,0,0,4,1,2584,0,1
18,231169,392344,783,3,3,0.1383715947205566,0,1,1,2,1954,0,0
18,199352,456495,755,31,1,0.982739540910386,1,1,3,3,3539,0,0
64,213283,94489,459,22,1,0.24997289086882968,1,0,3,3,3331,0,0
51,265596,31806,313,5,2,0.07336406745960267,1,0,2,4,2697,0,0
49,81665,181072,477,23,2,0.6631462489752088,1,1,4,4,4083,1,1
65,266584,420384,711,19,2,0.5953663701568727,0,1,2,2,2291,0,0
42,136953,75119,352,36,0,0.4151456539927457,1,0,2,1,2735,1,0
57,178448,305858,707,19,0,0.42219223388067806,0,0,3,4,756,0,0
62,206626,190165,321,11,1,0.7850639210464312,1,1,2,3,3912,0,1
70,165271,322563,329,32,0,0.19571264009964906,1,1,1,4,3440,1,0
18,138533,447361,559,27,2,0.8202533189448897,0,1,2,4,4011,0,1
33,93781,110432,504,7,2,0.6487471138950182,0,0,2,3,1896,0,1
56,86262,475641,358,0,0,0.4189697737795244,1,1,3,1,4463,1,0
22,96898,360093,770,36,3,0.4580286165838686,1,0,2,4,1862,1,0
39,169369,476027,765,21,1,0.2566472071860958,0,0,4,4,4572,0,0
46,50448,400677,311,5,3,0.7521143326969748,0,0,3,4,3385,0,1
20,27657,412507,589,20,1,0.5128747423052678,0,1,2,2,1685,0,1
29,276689,182876,653,31,3,0.3208545427498436,0,1,1,4,3663,1,0
43,179903,344115,374,34,0,0.5960501157609502,0,1,1,3,2540,0,1
33,27906,360615,740,14,1,0.995734452051323,1,0,3,1,4684,1,0
68,74028,332090,540,4,1,0.43526227965655384,1,1,3,1,4917,1,0
54,289431,366133,453,45,1,0.9206914007786196,1,0,2,3,3200,0,0
39,210792,89080,395,49,2,0.3450168399245661,1,0,4,2,3344,1,0
46,122979,257791,593,47,2,0.054732706924985886,0,0,2,3,1140,0,0
31,54701,459548,508,5,3,0.20424210636842888,0,0,1,1,3227,0,0
45,103300,82794,642,24,0,0.4186951433276842,0,0,4,3,2373,1,0
22,261249,297985,387,45,2,0.219634928594569,1,0,4,2,3729,1,0
64,168746,129447,689,39,1,0.0002270382182555375,0,1,4,1,2214,1,0
66,103560,125029,624,28,2,0.9150015377475272,0,0,2,2,1777,1,0
47,262615,184830,456,6,0,0.843879411230929,1,1,1,3,3194,1,1
63,63642,343416,436,39,2,0.7422922314869471,1,0,3,4,1098,1,0
69,299746,42643,727,12,1,0.16781459564602863,1,1,2,3,2384,0,0
22,108801,448624,751,37,3,0.12036357620998606,0,1,3,2,1689,0,0
29,114377,311094,440,17,1,0.06760474947238315,0,1,4,3,1261,0,0
33,101121,192921,382,1,0,0.7240291887729212,1,1,4,4,2620,1,1
43,45559,367644,476,7,3,0.9288079606878853,1,0,2,2,3955,1,1
43,53742,164116,497,10,2,0.430535820913037,0,0,1,3,4748,1,0
65,172826,392732,720,32,2,0.11914067199604816,1,0,4,2,794,0,0
38,155044,20997,700,37,2,0.5123928207321066,0,0,3,2,4512,0,0
56,132217,346895,770,47,3,0.34883190745863013,1,1,3,1,4963,1,0
53,61873,103605,517,26,1,0.3748249243499977,1,1,2,1,3898,1,0
50,154092,422127,474,19,3,0.6213306241557073,1,1,3,2,3783,1,1
47,106988,322677,322,11,3,0.7187181132622024,0,0,1,3,2071,1,0
54,65648,349710,534,42,0,0.11060359887316085,0,1,4,3,1603,0,0
40,145991,230942,312,30,3,0.035590230806476386,1,0,3,3,3349,0,0
27,22396,150643,400,26,2,0.9943303026857149,0,1,3,4,4318,0,1
22,104082,113255,835,31,1,0.23272834891555183,1,1,4,2,3342,1,0
53,148322,265298,822,9,1,0.053830524908459076,1,1,2,2,1968,0,0
51,152663,492679,751,2,1,0.18987532909591998,0,1,3,4,1771,1,0
69,31303,456157,730,44,2,0.03895784634846422,0,1,2,2,1182,1,0
48,181633,63005,832,26,2,0.39181089461717167,0,0,2,2,1828,1,0
27,269690,222322,592,34,2,0.8024017844513243,0,1,3,4,3951,0,1
36,279820,194784,400,30,2,0.3412444497577206,1,0,1,1,2242,0,0
49,119616,48541,801,14,2,0.44418340687836655,0,0,2,2,1248,1,0
18,106231,28387,603,15,3,0.6755867735674388,0,0,3,4,353,0,0
22,289458,361124,839,12,2,0.5088940700698802,1,0,2,3,4202,1,0
62,39623,184980,654,48,2,0.8614456860213242,1,0,4,1,3642,1,0
21,218747,90457,602,34,2,0.8660356750457565,1,0,1,3,2875,1,0
33,125228,149129,795,10,2,0.009910695491153643,1,0,1,2,4737,0,0
41,202828,69028,526,20,1,0.7780463064831992,0,0,4,1,3433,0,1
33,177364,124246,535,50,2,0.46073360024167387,0,1,4,4,4284,1,0
19,89274,322875,754,10,3,0.9888405413036631,1,1,2,2,3379,0,0
66,153541,160930,312,29,3,0.48323207587543515,1,0,4,4,4408,0,0
45,73947,184761,509,47,3,0.9868959453882975,0,0,1,1,2981,0,1
49,173606,49638,696,34,0,0.7545693612057366,0,0,4,3,365,0,0
44,214692,489814,399,21,1,0.24860488461330632,0,1,3,2,2440,1,0
37,68874,182558,330,37,2,0.5383949792869577,0,1,3,2,3248,0,1
41,69708,25567,827,30,0,0.9921356394785827,0,0,2,4,3459,1,0
29,94553,427955,628,13,2,0.8575306077519237,1,0,1,1,1104,1,0
67,88344,62804,465,23,0,0.0973668937912211,1,1,3,4,2194,0,0
52,205374,375965,758,49,0,0.7063719968099961,1,1,4,1,4817,1,0
50,67638,8754,399,48,3,0.34557958587081306,1,0,3,2,3371,1,0
50,98249,32044,472,31,3,0.006982261880348117,0,0,3,1,4622,0,0
68,22719,72260,461,35,0,0.4034809690269996,1,0,2,2,309,1,0
60,173962,71912,562,31,3,0.2347544217249713,0,0,4,1,987,1,0
54,62534,261695,573,14,0,0.8188692705204715,0,1,4,3,253,0,1
29,112241,13706,302,42,1,0.3373306088457655,0,1,4,1,3693,0,0
20,146209,276038,327,34,3,0.8275236939538171,0,0,2,3,514,0,1
18,209004,416253,625,2,3,0.0005979388347953085,0,0,4,1,3524,0,0
50,112124,351130,448,15,3,0.30781915002611915,0,0,4,1,1384,0,0
57,111659,349086,839,4,1,0.24116521430776194,0,1,3,4,3248,1,0
27,184134,187684,787,20,0,0.23356736106861098,1,0,3,4,868,1,0
60,95713,34725,737,9,2,0.0681866197654627,0,0,4,2,1082,0,0
61,238335,141998,364,18,3,0.18712427041050173,1,0,1,4,3302,0,0
46,95418,109555,655,24,0,0.5555495698856199,1,1,1,1,4774,1,0
30,148232,266486,832,3,1,0.2913610728377445,0,0,4,4,3626,0,0
29,183038,276640,551,28,2,0.41739478232914795,0,1,1,1,2887,0,0
48,188383,61447,534,18,3,0.3768668803471885,1,0,2,3,2310,1,0
63,278722,368748,526,42,1,0.8759049249998946,1,0,3,1,1138,1,0
19,152079,165878,824,1,1,0.9052989990105155,1,0,2,2,4032,1,0
68,222053,355343,612,9,2,0.49295697165586005,1,1,3,3,641,0,0
67,96242,46321,348,42,0,0.3301559503156044,0,0,1,2,458,1,0
52,198589,258113,417,24,3,0.10680070400236363,0,0,1,2,949,0,0
40,49257,238103,353,19,3,0.953402879382095,0,1,4,2,4622,1,1
34,164353,463311,343,47,0,0.06022694490029745,1,1,1,4,2644,0,0
43,283579,420872,352,18,0,0.29765027756828044,0,1,1,2,4681,0,0
25,249947,60147,824,22,0,0.29806620117000415,1,0,4,3,1931,0,0
46,251758,96396,401,23,2,0.3204012861402149,0,1,4,1,1572,1,0
43,111357,447882,697,10,2,0.16428684327240928,1,0,3,2,1536,1,0
27,177732,480584,437,45,3,0.7831614309236972,0,1,1,3,429,1,1
43,223667,305931,686,33,2,0.12249786196598922,0,1,3,2,4454,0,0
51,103807,249839,410,27,1,0.6349066591531628,1,1,3,1,4338,1,1
68,158563,461162,316,4,3,0.12384602670581746,1,0,2,3,4108,1,0
58,278778,26727,481,4,2,0.07053563759295656,1,0,1,3,4822,0,0
24,201264,244423,835,50,0,0.9094295036858765,1,0,1,1,1488,0,0
21,93609,100081,840,20,1,0.19012876631870568,1,0,2,3,4285,1,0
70,291221,389865,470,11,0,0.8212501545597043,0,0,3,1,819,1,0
67,268512,246130,708,49,3,0.5446308711071358,1,0,1,3,3335,1,0
62,273973,73056,677,3,0,0.0778565196087696,0,0,3,3,4676,0,0
28,174893,139153,487,48,2,0.9554481914380675,0,0,2,1,2231,1,0
46,135374,170268,529,41,2,0.24696116699189252,0,0,4,1,1200,0,0
53,44860,172807,418,19,3,0.8596453453526065,0,1,3,3,772,0,1
42,172267,240821,455,37,0,0.16881000578456418,0,1,1,3,616,1,0
38,97475,85102,764,24,3,0.8539428821418529,1,0,4,1,2632,1,0
53,172499,477794,403,13,0,0.013228812905293985,1,0,3,4,3770,0,0
27,238118,161570,801,10,1,0.5117804565694807,0,0,3,1,881,0,0
54,143786,81865,474,31,2,0.7694425794215568,0,0,4,3,3623,1,0
26,27813,167728,720,10,3,0.9347955174927833,1,1,4,3,3658,1,0
41,51598,72695,433,17,1,0.909202136206487,1,1,4,3,2486,1,1
52,277951,436116,690,26,1,0.8196248695476449,0,0,1,1,4882,0,0
66,113106,122235,800,17,3,0.8881913496613041,1,1,1,3,1689,0,0
52,247286,483115,332,22,3,0.1992196858370765,1,1,3,4,1601,1,0
65,31745,445917,354,10,1,0.28418429571172876,1,0,3,2,3894,0,0
53,164097,113777,818,20,0,0.2889685249210585,0,0,2,4,4418,0,0
35,252732,24033,311,43,1,0.3770539310016988,1,0,1,1,3180,1,0
66,165360,146877,827,4,3,0.3933206703851887,0,0,3,3,1176,0,0
56,109186,171923,672,22,1,0.5445553246546755,0,1,4,1,1200,1,0
49,233030,31832,783,40,0,0.15987976336644139,0,0,4,2,602,1,0
41,219950,199509,527,24,2,0.6912466637859893,0,1,1,1,1439,0,1
40,61846,382869,606,40,2,0.1675665393045065,0,0,4,3,3985,0,0
49,168554,150016,756,9,1,0.31030848210454753,1,1,2,2,723,1,0
54,72930,287017,459,21,0,0.503345130606154,0,0,3,2,1986,0,1
29,268656,45372,630,18,2,0.7964405615234773,0,0,3,3,3450,1,0
66,264459,94464,524,0,1,0.7394692332387273,0,1,3,3,1150,0,1
30,244695,151451,803,6,1,0.6455343564105223,1,1,1,3,3872,0,0
40,73268,122322,755,3,0,0.15577326058017016,1,1,4,1,4016,0,0
42,232943,172823,344,0,3,0.5470453456155777,1,0,2,4,4118,1,1
52,278916,367226,513,14,1,0.08744650179988545,1,1,1,1,1429,0,0
58,204403,225894,358,39,3,0.37736317679665077,1,1,3,1,4214,1,0
47,68901,272254,494,11,3,0.41351653028995916,1,1,2,4,3467,1,0
34,214488,452557,788,21,2,0.03981143944575383,1,1,3,3,4051,1,0
66,183268,279231,456,21,3,0.2739880994699718,0,1,3,3,2597,0,0
37,287770,421978,525,49,0,0.9556494672664894,0,1,1,4,1673,1,1
65,158496,349761,711,46,2,0.9536326078296895,1,1,3,4,2734,1,0
42,295001,105483,504,16,2,0.3523270542525393,0,1,2,1,2868,0,0
39,261531,14596,378,28,2,0.043100108948324056,0,1,3,2,1311,1,0
30,266693,239627,423,45,1,0.17909493932818155,1,0,4,4,875,1,0
36,199362,112539,770,13,1,0.39221779343354013,0,0,3,1,1260,0,0
66,46431,23313,517,49,3,0.9477796979692298,0,1,1,2,2483,1,1
53,258360,380319,815,19,2,0.14119906353718492,1,0,2,3,2754,0,0
29,46385,202621,403,49,2,0.7635158436682122,0,0,1,3,3640,1,1
58,105530,119914,692,47,0,0.10868253937469208,1,1,4,1,4797,1,0
36,250983,28705,733,32,3,0.9812575773912768,1,1,3,1,4735,0,0
29,225390,203436,630,42,0,0.381616499109135,0,1,1,4,1195,1,0
26,263373,340589,442,14,3,0.775234538899056,0,1,1,3,123,1,1
24,181779,108892,839,11,3,0.3425910828111318,0,1,1,1,4819,1,0
45,190182,214717,577,39,1,0.6276688771588087,1,1,1,3,3656,0,1
31,212860,269167,532,19,1,0.19201608474003673,1,0,4,3,1179,0,0
48,102879,124654,828,29,0,0.14602101929696254,1,1,4,4,4418,0,0
69,258260,195868,389,37,3,0.9380641395681313,0,0,3,2,278,0,1
36,166323,85073,791,2,2,0.9176472779044335,0,1,3,4,2947,0,0
64,142413,359341,498,27,1,0.8874689402128824,1,1,2,1,2060,1,1
33,282670,69429,661,25,2,0.6254334501665935,0,0,4,4,1573,0,0
70,67837,109195,740,29,0,0.8082682112162782,0,1,1,4,4988,0,0
22,280550,197699,325,12,1,0.06903693691137491,1,1,1,3,1312,0,0
52,293680,38848,324,12,1,0.33478904189067915,1,0,2,4,909,1,0
29,48541,436020,693,1,3,0.3137031247571562,0,1,1,1,519,1,0
42,99083,413595,806,36,0,0.6356453219526133,1,0,2,2,3759,0,0
69,54531,457880,600,48,3,0.3559577734706405,0,1,3,4,3916,1,0
38,290856,294910,638,37,1,0.1485067816436808,1,1,4,4,1378,1,0
53,94744,73099,566,1,0,0.5964670754135437,1,0,2,2,2623,1,1
70,272859,434276,760,35,1,0.8143839206690815,1,1,1,1,1540,1,0
40,149749,492949,755,25,0,0.3821234944599732,0,0,2,1,1440,0,0
33,287253,74122,659,10,1,0.1322687150984817,0,0,3,4,2321,0,0
56,251809,152159,367,7,2,0.19668819731282305,1,0,1,3,2492,1,0
62,102503,53868,711,43,2,0.23748330516938398,1,1,3,4,1461,1,0
70,274346,124119,790,39,3,0.2998975929945362,1,1,3,2,691,1,0
59,105708,421441,348,42,2,0.6427950705063091,0,0,2,2,626,1,0
56,211184,362430,401,21,1,0.600945484537719,1,1,3,2,2603,0,1
31,122471,273787,515,19,1,0.6960798615670392,1,1,1,4,1392,1,1
48,274225,491275,737,7,2,0.36250198453151317,1,1,3,4,1754,0,0
22,177661,303871,458,28,3,0.8239976518799783,1,0,3,1,287,1,0
52,181087,409221,788,39,2,0.20408766115576027,0,1,2,3,2858,0,0
40,180081,114079,541,25,0,0.46904074751815394,0,0,3,4,628,1,0
46,213118,332841,304,29,0,0.8009387215414303,1,1,4,1,533,0,1
60,177215,21029,660,16,0,0.18015864773261925,0,1,2,4,3612,0,0
28,26154,251353,758,19,2,0.10986311374078295,0,0,2,1,1904,0,0
35,172876,412442,547,15,2,0.8836839676879897,0,1,1,1,402,1,1
64,84288,199718,721,45,2,0.3429296627591959,1,0,1,3,4282,0,0
29,71195,458819,314,42,0,0.683870124909032,0,1,1,4,537,1,1
26,201002,426947,421,6,3,0.02534860426393848,0,0,1,1,2688,0,0
27,184053,376602,576,15,1,0.6900468884094496,0,1,4,2,932,0,1
61,89298,377528,752,44,2,0.3161013115469705,1,1,2,2,896,1,0
34,226376,73926,689,46,3,0.05574085358744174,1,1,3,2,659,0,0
55,59499,142069,593,47,1,0.609812761548117,0,0,1,3,3688,1,0
24,189631,322650,745,26,1,0.24080381607317325,0,0,1,1,861,1,0
63,265198,345373,509,22,1,0.38680724205188,1,0,1,3,3674,1,0
30,262997,448031,601,23,3,0.08058081228651359,1,1,3,4,3885,1,0
57,116347,47092,522,8,3,0.14716325109494532,0,0,1,4,2614,0,0
59,225735,329683,302,34,0,0.29797723549584376,0,0,3,1,784,0,0
26,42431,464293,817,50,3,0.08975950056015713,1,0,2,2,4333,1,0
67,214555,157889,392,19,3,0.9108262646863152,1,0,2,1,677,0,0
44,142720,173933,819,36,3,0.006047043183978418,0,0,2,1,4905,0,0
19,69153,18428,727,41,1,0.4838602188643114,1,0,4,1,327,1,0
22,288512,180006,792,16,2,0.12324745813255145,0,0,3,3,2428,0,0
46,196076,251627,534,46,0,0.30767908947794853,0,0,1,4,2831,1,0
54,239724,250439,460,30,2,0.9260595598182655,0,0,1,1,927,0,1
55,76985,146330,630,7,2,0.16169455327398685,1,0,1,1,530,0,0
36,128737,62775,632,14,3,0.9658323197183326,0,1,1,1,1163,1,0
25,232133,217652,349,30,0,0.2057943769894217,0,1,4,3,1809,0,0
65,174470,493163,822,29,2,0.7415661084668296,1,0,1,3,1334,0,0
62,249465,272613,791,45,2,0.5466772648973117,1,1,4,3,401,1,0
18,70861,295998,571,19,0,0.8844787275967592,0,1,3,1,1520,0,1
39,232977,142328,551,38,3,0.5539932555031309,0,0,2,2,4728,1,0
69,147118,260158,389,11,2,0.5345592191563087,1,0,1,2,868,0,0
34,216713,81256,745,48,1,0.1954580003683999,1,0,2,2,1504,1,0
24,29078,432153,631,16,2,0.16622936205165872,1,1,3,4,543,1,0
42,71047,366278,438,41,1,0.9164891511155142,0,0,3,1,3204,1,0
62,255458,137723,656,29,3,0.32783819885003407,0,1,1,2,4455,1,0
21,235048,186360,573,28,2,0.37208225496289593,0,0,3,2,3405,1,0
53,256293,351874,318,18,0,0.7598236584283884,1,1,2,2,1638,0,1
23,137832,423267,610,45,0,0.33882348242280735,0,1,1,1,4030,0,0
48,145150,294530,453,10,2,0.9520624466390027,1,0,4,2,1431,1,0
36,177087,473270,689,33,3,0.7379277689988003,0,0,1,2,169,0,0
61,53320,247634,559,49,3,0.59742924257342,1,1,2,1,3535,1,1
56,110827,414400,424,6,0,0.8808951605447525,0,1,1,4,580,0,1
44,279931,38787,653,43,2,0.04960590834948275,0,0,1,3,4194,0,0
27,44826,26621,572,33,3,0.25706269218920874,1,0,2,2,3596,1,0
43,120734,473780,544,19,0,0.46503633422090995,1,1,1,3,2893,1,0
36,177702,82984,749,49,1,0.22697853947152102,0,0,1,4,2992,0,0
56,249834,458008,546,37,2,0.7439051873021519,1,1,2,4,1298,0,1
20,197235,443469,819,23,1,0.9192080310537252,1,0,3,2,2472,1,0
62,118511,301195,440,9,1,0.4237701199309234,0,0,2,1,1992,0,0
30,293797,316955,661,31,3,0.34213260011189495,1,0,1,4,1983,0,0
67,179033,35447,307,14,3,0.9615507321375663,0,1,4,3,897,1,1
45,101941,133046,777,36,3,0.44485243282754083,0,0,4,3,117,0,0
37,225209,220002,651,19,2,0.4890484004492832,1,1,2,3,143,1,0
45,118818,498253,794,2,1,0.35164987234190537,1,0,4,3,254,1,0
25,172360,166326,726,36,2,0.9095484730121384,0,1,1,4,3548,1,0
58,273627,351189,338,39,3,0.5689554832818507,0,1,1,2,4938,0,1
56,115081,121859,486,7,1,0.7621745871816447,0,0,2,2,4180,0,1
18,56877,193490,392,39,2,0.8118067183508864,0,1,1,3,1525,1,1
20,231957,412688,385,43,2,0.3418490419172582,0,1,3,2,4420,1,0
30,92715,8471,343,22,0,0.43369433132038004,0,1,1,3,4412,0,0
45,161398,243404,436,39,2,0.8484717744062646,1,1,2,3,3739,0,1
66,130091,125312,720,10,3,0.36325535167581025,1,0,3,1,4226,0,0
42,152632,231876,373,45,2,0.7939351334518513,1,0,3,4,1992,1,0
50,103186,144401,847,7,1,0.9409923225744371,0,0,4,4,997,1,0
55,182962,170937,811,28,2,0.623210373068007,1,1,1,3,3524,0,0
70,171094,51850,455,29,0,0.7416272874518889,0,1,2,4,4640,0,1
23,90316,321364,554,9,1,0.8050973120411349,0,0,4,2,1358,0,1
61,48380,248306,470,38,1,0.8450396488966425,1,0,4,3,2115,1,1
62,130198,98808,469,27,0,0.39505333785679597,0,1,1,1,4933,1,0
49,284500,142469,621,48,3,0.05126345917599817,0,0,1,2,1802,0,0
62,90326,233981,755,35,1,0.4018762712367395,0,0,2,1,973,0,0
64,134994,171597,454,12,3,0.6737562297840898,0,1,4,1,665,1,1
38,240971,58072,648,31,1,0.4503503857807928,0,0,2,4,2118,1,0
33,298226,226178,750,35,1,0.7489631508603986,0,1,4,4,1985,0,0
38,282805,88820,472,36,3,0.3569824294686639,1,0,4,3,2223,0,0
28,188484,482746,309,25,1,0.6347441411040295,0,1,4,4,4742,0,1
54,285064,28284,564,21,3,0.18641980485397458,0,1,1,1,2414,1,0
53,265378,459546,737,3,0,0.7493694366449569,0,1,4,1,4512,0,0
52,291090,88369,546,30,3,0.5456959688130258,0,1,4,2,3983,1,1
36,245314,292266,845,17,0,0.20406438854660058,1,1,4,1,3292,1,0
37,255612,397493,798,37,1,0.29191117349780726,1,0,3,3,1959,0,0
35,298453,337697,428,23,3,0.7486087085818324,0,0,1,3,124,0,1
64,75230,217978,626,22,1,0.4826012356615207,0,0,3,4,3603,1,0
58,79321,361932,703,21,3,0.2160314403930722,0,1,1,4,4355,0,0
66,152028,67812,658,1,0,0.9672711903702976,1,0,2,4,1237,1,0
31,251447,275143,316,30,0,0.7151250198168879,1,1,3,3,1289,0,1
32,121757,289580,573,10,3,0.9571348325397961,1,1,2,1,4898,0,1
48,286847,310107,415,27,0,0.4271050453603432,1,0,4,4,4196,0,0
18,216200,138168,390,45,1,0.47510034069172047,0,1,2,2,3257,0,0
70,92099,249809,381,31,1,0.8979552161850192,1,0,2,4,2467,1,0
20,182932,423495,623,4,2,0.5250493402453846,1,1,2,3,4577,1,0
33,51585,257164,413,37,0,0.7072789119056672,0,1,2,4,1841,1,1
40,63585,376043,357,9,1,0.25217287749552997,0,0,1,1,3788,0,0
28,299922,250317,453,39,3,0.44672646870264054,1,1,3,4,3846,1,0
29,196313,293345,703,45,0,0.12344986581035511,1,0,1,3,997,1,0
27,62229,155787,565,23,1,0.20598003587696168,1,1,1,3,4123,1,0
49,106652,165381,614,34,0,0.000943415267631087,1,0,1,2,816,0,0
33,269474,151150,340,43,3,0.03926505164866023,0,1,2,3,4067,1,0
25,199436,454830,404,47,1,0.9772838231769293,0,0,1,2,4121,0,1
55,280116,10105,492,22,2,0.2423536951367623,1,0,3,1,3315,0,0
29,39975,384810,700,16,2,0.663310709504002,1,1,1,3,490,1,0
41,177795,361992,577,0,0,0.8390996987996115,1,0,4,4,3984,0,1
45,229373,269983,653,30,3,0.5506604592365643,1,1,2,1,1799,1,0
70,217133,73920,555,30,1,0.1531445000839562,1,1,4,4,3137,1,0
25,200225,310763,398,41,3,0.7281164373361664,0,0,3,4,332,1,0
45,84324,47821,581,41,1,0.600251410099583,0,0,3,4,2026,1,0
53,196037,130736,702,33,0,0.7312505893473751,0,0,3,1,3231,1,0
43,155720,411709,408,8,1,0.7697466228570872,1,0,3,1,3406,0,0
25,186205,22069,498,21,3,0.9754103676847451,1,0,1,3,2824,1,0
67,116059,12531,602,12,3,0.57356328002671,0,1,2,4,4901,0,0
45,118317,435267,626,24,0,0.3416411126906018,0,0,3,2,333,1,0
45,221207,143808,453,47,3,0.6484645569002371,1,1,4,3,1491,1,1
54,121459,143782,704,17,1,0.06844070924262613,0,0,3,1,2992,1,0
58,257697,72155,761,50,0,0.8973973183215863,1,0,2,2,1355,0,0
53,220422,412191,431,11,1,0.11938101133819679,1,0,4,1,2638,0,0
44,121520,67424,383,39,3,0.32784283788581825,0,1,4,2,3790,0,0
34,81272,312747,698,16,0,0.8157453806261209,0,0,4,3,989,0,0
26,243224,421468,408,14,1,0.5973123783307118,0,1,1,2,4787,1,1
50,164832,479013,520,41,3,0.3936355202774421,1,1,3,3,845,1,0
70,172999,137503,667,14,3,0.4734356593750214,1,1,1,1,1819,0,0
37,81367,210675,446,14,2,0.8545473932021803,0,0,4,2,527,0,1
30,249027,173553,411,38,3,0.34000438605989214,1,1,1,4,831,0,0
45,252750,359717,793,12,1,0.8696496848121713,1,0,1,4,899,1,0
65,255806,145629,804,16,0,0.08813443097669149,1,1,1,1,4397,0,0
46,203305,473187,774,31,2,0.7767984372086307,0,0,3,2,935,0,0
30,64738,370446,570,8,3,0.8475476330547363,1,1,4,4,234,1,1
63,53397,136234,720,39,3,0.18181765283733875,0,0,4,3,2638,0,0
52,222332,432958,666,19,3,0.43034653237220044,0,0,3,2,3818,1,0
23,131453,24675,579,25,1,0.16549977466365562,1,0,1,2,140,1,0
35,39816,78997,582,26,2,0.7066041289942178,0,1,1,4,3467,1,1
68,265011,153087,339,20,1,0.5353477680616567,1,1,2,3,2515,1,1
22,233567,448273,488,17,2,0.635323346708321,0,0,2,3,2140,1,0
64,91635,430807,463,12,0,0.19648696695621115,0,1,2,3,4439,0,0
42,236184,491799,835,15,1,0.21174586205241952,1,1,3,2,3049,0,0
19,202958,236390,835,8,1,0.04149732550990637,0,1,4,1,4361,1,0
27,297707,145905,303,11,0,0.3220675351957297,0,1,2,2,3566,1,0
47,112324,275040,589,43,2,0.559744661333675,0,1,4,2,3188,0,1
67,243536,431188,732,37,3,0.8579349139973288,1,1,4,4,4923,0,0
62,252944,316877,770,18,0,0.6669274474586807,1,1,4,1,1215,1,0
22,291991,256435,480,6,3,0.43539632339975143,0,0,3,3,4678,0,0
50,46155,46800,547,34,3,0.9531201143941378,0,0,3,4,2690,0,1
18,136891,101044,578,47,0,0.7192452005758319,0,1,3,2,3673,1,1
35,169381,272491,553,17,2,0.93016520286255,1,0,3,1,3078,0,0
49,151691,195135,480,15,3,0.5275879732721657,1,0,2,3,2547,0,0
64,54707,494066,808,38,0,0.2589042747931396,0,0,1,3,1330,0,0
66,217576,138715,625,3,1,0.052826686364721986,1,1,1,2,2766,0,0
28,198686,307929,656,24,1,0.7260848514838505,1,1,1,3,4954,1,0
38,242500,285825,690,31,1,0.12130299800553412,1,1,2,3,4358,0,0
43,282425,448242,384,39,0,0.3027751282719672,1,1,1,1,2694,1,0
42,178492,371008,616,12,1,0.5324709078838974,0,1,2,4,3530,0,0
39,190102,414108,511,44,3,0.5644165877797477,1,0,2,1,3017,1,0
44,237285,314443,814,16,1,0.600583196987136,1,1,2,4,3052,1,0
66,179476,22073,683,48,1,0.16625533034970064,0,0,1,4,2095,0,0
30,254554,369448,641,36,3,0.37973740482164875,0,1,4,4,3991,1,0
50,180928,35682,337,5,1,0.6171942271169667,1,0,1,3,406,1,0
51,160272,233870,810,18,3,0.9698188646337847,1,1,1,1,1462,1,0
58,139273,232966,719,12,1,0.7276311376996887,0,1,3,3,2202,1,0
52,192307,391446,468,25,3,0.9226037570939578,0,1,2,2,3130,1,1
18,268500,412505,642,13,1,0.762212058314177,0,1,4,1,432,0,0
38,186129,120359,605,30,3,0.5917169688924004,1,1,3,4,2852,1,0
65,152311,406143,841,3,0,0.19202336913634455,1,1,4,3,342,1,0
23,254746,446546,836,38,3,0.666685651892513,0,0,4,3,1984,0,0
45,265546,71707,411,7,1,0.6233795659599071,1,1,2,1,1532,0,1
34,216733,256351,710,24,1,0.6024691704572664,0,0,1,1,2650,1,0
22,146945,475670,505,12,2,0.48978586798824075,1,1,2,4,402,0,0
48,65272,243511,484,31,3,0.5286566039892756,0,0,2,4,4430,0,1
22,166470,240718,681,37,0,0.33444252711810407,0,0,3,2,3209,0,0
55,140030,70428,795,37,3,0.5193126926423032,1,0,2,4,2286,0,0
20,26570,55601,678,27,3,0.19755590567847825,1,0,1,3,4390,0,0
70,29110,475681,346,29,0,0.8051743973603768,1,0,4,2,1650,0,1
40,99141,400755,850,2,3,0.1857769546987078,1,0,2,2,1892,1,0
54,32115,116487,827,27,0,0.08496628988946642,1,1,4,2,746,1,0
70,59062,158741,803,2,0,0.43624602635715737,1,0,2,1,4756,0,0
54,124061,469184,321,44,3,0.6583074395060619,0,1,4,4,812,0,1
27,21969,418860,512,33,3,0.43771682493354136,1,1,2,2,4608,1,1
27,141863,416961,609,15,1,0.2767541319513086,0,0,3,1,637,0,0
36,292369,256924,571,21,1,0.5581711838904407,0,0,4,1,334,1,0
34,143008,264153,501,31,2,0.34700233541219994,1,1,2,2,2496,0,0
38,174268,295372,331,37,2,0.9328676901266331,0,0,2,2,1604,1,0
31,125823,254430,742,7,3,0.9226451396035721,0,0,3,3,1474,1,0
26,295813,432737,461,7,0,0.5023718199720955,1,0,3,2,4611,0,0
63,130677,127788,553,5,2,0.3278839940182585,1,0,3,3,2009,0,0
18,266958,102239,820,13,3,0.7371324139566391,1,0,4,2,1015,0,0
68,68320,31928,779,31,2,0.03671294348306664,0,0,4,2,4058,0,0
62,166649,285466,309,34,0,0.47476900604365124,1,0,3,4,180,1,0
30,145354,455930,804,9,3,0.33632339427033353,1,1,1,2,2183,0,0
21,108009,355040,735,2,0,0.9205358851025547,1,0,1,2,2788,1,0
18,277437,67292,410,11,3,0.012003027272682543,1,1,2,3,1790,0,0
66,48625,34055,452,48,2,0.5528148757183491,0,1,1,3,856,1,1
57,232112,310035,401,30,1,0.740663581066626,1,1,2,4,2770,0,1
49,56487,86912,490,28,2,0.48501798752404124,0,1,4,2,3851,0,0
51,248071,142660,380,4,2,0.08540303016272166,1,0,4,2,3652,1,0
45,193895,357680,788,24,1,0.9724613900279022,0,1,1,3,567,0,0
48,121376,273448,387,40,1,0.5180104313760979,0,1,4,1,1594,0,1
25,263341,12345,493,30,3,0.6141862443190114,0,1,3,1,1119,0,1
56,178056,165372,403,20,3,0.23660978270750732,1,1,3,1,1001,0,0
43,130169,422475,395,19,0,0.4834980851068038,0,1,1,3,772,0,0
51,290269,96006,722,38,0,0.42914949195832186,1,0,1,3,538,1,0
20,56059,486769,497,21,2,0.07489584200198374,1,0,2,1,4322,0,0
67,123409,413568,300,3,1,0.10616035354746722,1,1,4,1,2176,1,0
29,25704,134350,706,12,0,0.8374725196187746,1,0,2,2,544,0,0
18,224456,169437,677,44,2,0.23981995220659025,1,0,2,3,1065,0,0
61,238200,286590,466,41,1,0.19495827149863054,0,1,3,3,3890,1,0
22,131279,269480,808,49,3,0.5049114512501393,1,1,3,1,563,1,0
47,178280,329176,612,48,2,0.7687471313625129,0,1,3,1,2298,1,0
47,138516,211487,717,19,3,0.06194651857898792,0,0,3,4,2387,1,0
34,217096,102852,776,12,0,0.5768079196382558,0,1,2,3,3865,1,0
65,252549,497092,372,16,0,0.11921044284057336,0,0,3,4,3276,0,0
64,49165,143593,440,35,1,0.03646105082561846,0,0,4,2,4108,1,0
40,87203,207779,561,32,2,0.05274395216221739,0,0,3,4,3604,1,0
32,286258,159553,639,0,3,0.8341641082084413,0,1,3,1,1012,0,1
54,56321,285618,607,14,1,0.11797248362806156,1,0,3,3,596,0,0
38,265014,182832,544,12,0,0.04515136441229195,0,1,1,3,1563,1,0
31,176498,322862,814,16,0,0.4378998871429123,1,1,4,4,4353,1,0
19,37772,311773,636,23,2,0.8439934719420248,0,1,4,4,4367,1,1
28,285856,50232,375,7,3,0.26240837648930193,0,1,2,2,593,0,0
68,258389,353688,474,49,2,0.4217126175259164,0,1,2,2,1526,1,0
56,135142,465385,408,26,3,0.03992253256375122,0,0,3,1,1792,0,0
55,111736,264013,482,44,3,0.4490785141348759,1,0,1,1,1893,0,0
51,71924,317813,491,22,2,0.5776130806371337,1,0,2,1,2823,0,0
55,23726,214093,364,45,1,0.5709070537521448,1,0,2,4,758,0,1
67,47723,336328,773,7,2,0.33242669217436516,0,0,3,4,4861,1,0
51,254182,184017,399,7,2,0.3155331806631355,0,1,3,3,4562,0,0
35,160180,18140,843,25,0,0.10662361893659789,0,1,2,1,649,0,0
47,228786,393612,427,46,0,0.3667983206462684,1,0,2,4,742,1,0
32,55643,88457,751,12,2,0.09949466887296465,0,0,4,3,4450,0,0
44,182396,19357,668,38,2,0.7665959447120516,1,0,1,1,307,1,0
68,234432,116672,342,36,0,0.9662742977481859,1,1,4,2,2597,0,1
51,159999,335817,718,48,3,0.9700744566667069,0,1,2,2,4290,1,0
69,99973,126673,787,27,2,0.8650710993753938,0,1,4,4,1983,0,0
55,129834,70633,377,24,1,0.6007921493396191,1,0,4,3,2986,0,0
50,256386,213015,569,15,1,0.7008656972438799,1,0,2,2,577,1,0
41,127522,101111,614,1,1,0.28520580268041407,1,0,3,3,861,0,0
32,42612,345402,467,17,2,0.6307704201726206,0,0,2,3,289,0,1
47,245049,411140,638,16,3,0.45564954943987745,0,1,3,2,855,1,0
59,288615,74286,492,29,3,0.4820173397769325,0,0,2,3,1546,0,0
68,186703,98269,752,38,0,0.757776560375158,0,0,2,2,1763,0,0
34,260069,263635,582,12,2,0.28191835559725165,0,0,2,4,1935,1,0
22,243131,79071,635,31,3,0.3180396116945199,0,1,1,1,4328,1,0
46,51348,455542,689,49,2,0.9246417911286366,1,1,3,1,4250,1,0
21,215804,226095,824,28,0,0.056224294850972245,1,0,1,4,4160,1,0
27,283321,35651,539,45,0,0.4856342984133404,1,1,2,2,4705,1,0
34,155832,75202,782,29,0,0.9128008004078617,0,1,4,2,4865,0,0
27,101889,53777,757,17,1,0.610363007818157,1,1,1,2,3712,1,0
34,73551,153066,388,12,2,0.5464070742121321,0,1,3,2,1789,0,1
37,162635,334407,394,42,0,0.2497441792293552,0,1,2,4,1416,1,0
41,66819,195706,751,20,2,0.34327548906444827,1,0,1,1,4929,0,0
22,232781,105158,727,29,1,0.8520484158046929,0,0,4,3,3286,0,0
51,178059,277944,450,20,1,0.5592181317684581,1,0,1,3,4120,1,0
23,209420,304967,813,47,0,0.5147421937567799,1,1,3,1,4454,0,0
70,44596,244647,675,16,0,0.09957971354002892,0,1,1,4,1245,0,0
19,79182,331022,321,39,3,0.01602815645512312,1,1,4,3,4494,1,0
30,148803,285852,612,18,2,0.9636851886870491,1,1,4,1,660,1,0
60,159978,148891,818,14,0,0.37698616728684164,1,0,3,4,2012,1,0
60,65379,210977,505,8,3,0.6032130620995043,1,0,4,3,1964,1,0
65,265900,68870,674,9,2,0.07971507318728499,0,0,2,2,396,0,0
28,278517,14283,750,43,0,0.6831142857230466,1,0,4,2,2509,0,0
68,157084,166645,478,30,3,0.9325667087059609,1,0,2,4,2736,0,0
64,201187,345851,509,22,3,0.5756652529974197,1,0,1,2,1561,0,0
40,289295,429149,799,29,2,0.12611532237541057,0,1,2,4,4392,0,0
33,77716,10774,763,32,3,0.5817215274734767,1,1,2,1,2368,0,0
48,243725,208127,423,8,2,0.7663472131046524,0,0,1,1,1094,1,0
28,187450,147055,412,46,2,0.40641653657401866,1,1,4,3,107,0,0
33,193724,101468,311,0,2,0.8798377479414679,1,0,2,4,2691,0,1
25,223502,363478,425,43,1,0.6486829533573645,1,0,4,3,2615,0,0
21,164539,285277,630,34,3,0.8992489182892025,0,1,1,3,4515,1,0
57,141999,413155,582,10,2,0.6235053112473372,0,0,3,1,1517,1,0
21,134793,5781,439,33,0,0.13128797200482423,0,0,4,3,2416,1,0
42,32289,119586,700,15,1,0.3096917111051891,0,0,4,2,4032,1,0
20,196048,454916,396,8,1,0.20179494825245692,0,1,3,3,1387,0,0
49,194668,294768,816,31,3,0.9088264977168623,0,1,3,4,2944,0,0
20,251513,11823,368,14,2,0.7604000672874827,1,1,1,2,1218,0,1
44,277368,23489,417,11,3,0.676398368910006,0,1,4,1,652,1,1
46,106365,176033,358,32,1,0.3009663196316217,1,0,4,4,760,0,0
49,250662,296262,332,44,2,0.18404477205021352,0,1,1,2,815,0,0
67,195211,105417,617,13,0,0.7564510879889118,0,1,4,4,3685,0,0
68,199785,86816,349,7,2,0.47415794587907967,0,1,2,2,3861,1,0
36,92588,158335,788,7,1,0.22578955215062912,1,0,2,4,2629,1,0
38,83646,280709,318,26,0,0.6166219781652751,0,1,2,4,4070,1,1
22,285798,156426,496,11,2,0.040333852138451975,0,1,4,2,3507,0,0
35,241097,179023,749,0,0,0.3261702541282535,1,0,2,1,1558,0,0
45,225244,358323,751,42,0,0.46855699459113465,1,0,2,1,3367,0,0
59,139735,28648,588,39,1,0.14795833410940584,1,0,1,4,954,0,0
39,175683,448945,440,41,0,0.9846544775908396,1,0,1,4,4860,1,0
38,127971,46971,383,50,3,0.20909736458961425,0,1,3,1,3637,0,0
23,32149,23658,690,10,1,0.13035313004326554,1,0,3,1,1997,1,0
18,258976,26253,514,38,3,0.2035348738868964,0,1,3,3,372,0,0
22,62668,462382,825,42,0,0.7690611331597242,0,1,3,1,4187,1,0
58,108204,184635,514,30,3,0.4255056592718428,1,1,1,4,1372,0,0
29,231830,162462,702,16,2,0.565415939752538,0,1,1,2,4474,0,0
43,216501,355808,427,32,0,0.021009156986360744,1,1,1,1,4119,1,0
63,185140,187650,776,31,2,0.034431308573314556,0,0,2,3,915,1,0
51,239861,215097,703,28,3,0.44582554982701617,1,1,2,3,4471,0,0
66,160507,108850,328,20,2,0.8166552432016235,1,1,3,3,1022,0,1
31,245160,430874,637,20,0,0.8852388787075652,1,1,2,2,4837,0,0
43,203321,142924,660,39,2,0.08670656759564022,1,0,4,1,4700,1,0
62,57384,231058,691,22,3,0.5383631021010228,1,1,1,1,4967,0,0
44,101929,138623,517,5,3,0.9132296862792705,1,1,3,1,1364,1,1
26,96153,339091,501,21,3,0.38797275439788637,0,0,3,2,3824,0,0
43,255128,66001,316,49,0,0.8295658314283686,0,1,4,2,2887,0,1
64,95388,185231,621,37,3,0.1336956543994362,0,1,2,4,2822,0,0
39,51401,127775,817,36,0,0.9353944896677987,1,0,3,3,4323,0,0
64,222903,449923,624,44,2,0.7514233175313026,0,1,2,3,2650,1,0
47,139503,38243,711,50,3,0.9413343927869017,1,1,2,1,3049,1,0
60,252601,157872,617,7,2,0.6766172335525065,0,1,4,2,1773,0,0
65,147834,343083,381,40,1,0.363403931999427,0,1,3,2,4687,0,0
34,54084,324972,773,48,2,0.9381811725247224,1,1,2,1,3192,0,0
43,271459,266716,767,34,1,0.2755667763091785,0,0,2,1,2938,1,0
53,130641,405455,724,50,2,0.33217252206173253,0,0,4,4,1766,0,0
18,125111,273854,503,10,0,0.7008084180017403,0,0,4,3,4611,1,0
25,158299,419600,686,23,2,0.7653162995253863,1,1,2,3,2295,1,0
66,182982,419254,397,48,0,0.9294034838491538,0,1,4,3,1484,1,1
52,254386,176918,644,20,0,0.2048024090562095,1,1,2,4,4503,1,0
69,216553,224055,507,50,3,0.797998035219224,0,0,3,1,4054,0,1
32,280337,466037,813,1,0,0.7385460533969634,0,1,1,1,2999,0,1
